{
  "defaultSeverity": "error",
  "extends": [
    "tslint:recommended"
  ],
  "rulesDirectory": [
    "node_modules/codelyzer"
  ],
  "jsRules": {
    "no-unused-expression": true
  },
  "rules": {
    "interface-over-type-literal": false,
    "quotemark": [
      true,
      "single"
    ],
    "ordered-imports": [
      true,
      {
        "grouped-imports": true
      }
    ],
    "jsdoc-format": false,
    "no-inferrable-types": [
      true,
      "ignore-params"
    ],
    "max-line-length": [
      true,
      150
    ],
    "member-access": false,
    "member-ordering": false,
    "interface-name": false,
    "array-type": [
      true,
      "array-simple"
    ],
    "no-non-null-assertion": true,
    "no-empty-interface": false,
    "no-switch-case-fall-through": true,
    "arrow-parens": false,
    "object-literal-sort-keys": false,
    "no-unused-expression": true,
    "max-classes-per-file": [
      false
    ],
    "variable-name": [
      false
    ],
    "deprecation": {
      "severity": "warn"
    },
    "import-blacklist": [
      true,
      "rxjs/Rx"
    ],
    "indent": [
      true,
      "spaces"
    ],
    "no-console": false,
    "no-string-literal": false,
    "no-output-on-prefix": true,
    "use-input-property-decorator": true,
    "use-output-property-decorator": true,
    "use-host-property-decorator": true,
    "no-input-rename": false,
    "no-output-rename": true,
    "use-life-cycle-interface": true,
    "use-pipe-transform-interface": true,
    "component-class-suffix": true,
    "directive-class-suffix": true,
    "no-floating-promises": false
  }
}
